0,16777215,-,-,-,-
16777216,16777471,US,United States of America,California,Los Angeles
16777472,16778239,CN,China,Fujian,Fuzhou
16778240,16779263,AU,Australia,Victoria,Melbourne
16779264,16781311,CN,China,Guangdong,Guangzhou
16781312,16785407,JP,Japan,Tokyo,Tokyo
16785408,16793599,CN,China,Guangdong,Guangzhou
16793600,16797695,JP,Japan,Hiroshima,Hiroshima
16797696,16797951,JP,Japan,Shimane,Matsue
16797952,16798207,JP,Japan,Shimane,Izumo
16798208,16798463,JP,Japan,Tottori,Yonago
16798464,16798719,JP,Japan,Tottori,Kurayoshi
16798720,16799231,JP,Japan,Shimane,Matsue
16799232,16799487,JP,Japan,Okayama,Okayama
16799488,16799743,JP,Japan,Yamaguchi,Yamaguchi
16799744,16799999,JP,Japan,Shimane,Matsue
16800000,16800255,JP,Japan,Tottori,Kurayoshi
16800256,16800511,JP,Japan,Hiroshima,Hiroshima
16800512,16800767,JP,Japan,Shimane,Izumo
16800768,16801023,JP,Japan,Yamaguchi,Hikari
16801024,16801279,JP,Japan,Hiroshima,Hiroshima
16801280,16801535,JP,Japan,Tottori,Yonago
16801536,16801791,JP,Japan,Tottori,Kurayoshi
16801792,16802047,JP,Japan,Yamaguchi,Hikari
16802048,16802303,JP,Japan,Shimane,Izumo
16802304,16802815,JP,Japan,Yamaguchi,Yamaguchi
16802816,16803071,JP,Japan,Shimane,Izumo
16803072,16803327,JP,Japan,Shimane,Matsue
16803328,16803839,JP,Japan,Yamaguchi,Yamaguchi
16803840,16804095,JP,Japan,Yamaguchi,Hikari
